<?xml version="1.0" encoding="UTF-8" ?>
<!DOCTYPE  mapper PUBLIC "-//mybatis.org//DTD Mapper 3.0//EN" "http://mybatis.org/dtd/mybatis-3-mapper.dtd" >
<mapper namespace="com.gitee.gen.mapper.DatasourceConfigMapper">
    <resultMap id="BaseResultMap" type="com.gitee.gen.entity.DatasourceConfig">
        <result column="id" property="id" />
        <result column="db_type" property="dbType" />
        <result column="driver_class" property="driverClass" />
        <result column="db_name" property="dbName" />
        <result column="host" property="host" />
        <result column="port" property="port" />
        <result column="username" property="username" />
        <result column="password" property="password" />
        <result column="is_deleted" property="isDeleted" />
        <result column="package_name" property="packageName" />
        <result column="del_prefix" property="delPrefix" />
        <result column="group_id" property="groupId" />
    </resultMap>

    <!-- 表字段 -->
    <sql id="baseColumns">
         t.id
        , t.db_type
        , t.driver_class
        , t.db_name
        , t.host
        , t.port
        , t.username
        , t.password
        , t.is_deleted
        , t.package_name
        , t.del_prefix
        , t.group_id
        </sql>

    <!-- 查询全部 -->
    <select id="listAll" resultMap="BaseResultMap">
        SELECT
        <include refid="baseColumns" />
        FROM datasource_config t
        where is_deleted=0
    </select>

    <!-- 根据主键获取单条记录 -->
    <select id="getById" resultMap="BaseResultMap" parameterType="java.lang.Integer">
        SELECT
        <include refid="baseColumns" />
        FROM datasource_config t
        WHERE id = #{id}
    </select>

    <!-- 插入全部字段 -->
    <insert id="insert" parameterType="com.gitee.gen.entity.DatasourceConfig"
            keyProperty="id" keyColumn="id" useGeneratedKeys="true"
    >
        INSERT INTO datasource_config
        <trim prefix="(" suffix=")" suffixOverrides=",">
            db_type,
            driver_class,
            db_name,
            host,
            port,
            username,
            password,
            is_deleted,
            package_name,
            del_prefix,
            group_id,
        </trim>
        <trim prefix="VALUES (" suffix=")" suffixOverrides=",">
            #{dbType},
            #{driverClass},
            #{dbName},
            #{host},
            #{port},
            #{username},
            #{password},
            #{isDeleted},
            #{packageName},
            #{delPrefix},
            #{groupId},
        </trim>
    </insert>

    <!-- 插入不为NULL的字段 -->
    <insert id="insertIgnoreNull" parameterType="com.gitee.gen.entity.DatasourceConfig"
            keyProperty="id" keyColumn="id" useGeneratedKeys="true"
    >
        INSERT INTO datasource_config
        <trim prefix="(" suffix=")" suffixOverrides=",">

            <if test="dbType != null">
                db_type,
            </if>
            <if test="driverClass != null">
                driver_class,
            </if>
            <if test="dbName != null">
                db_name,
            </if>
            <if test="host != null">
                host,
            </if>
            <if test="port != null">
                port,
            </if>
            <if test="username != null">
                username,
            </if>
            <if test="password != null">
                password,
            </if>
            <if test="isDeleted != null">
                is_deleted,
            </if>
            <if test="packageName != null">
                package_name,
            </if>
            <if test="delPrefix != null">
                del_prefix,
            </if>
            <if test="groupId != null">
                group_id,
            </if>
        </trim>
        <trim prefix="VALUES (" suffix=")" suffixOverrides=",">
            <if test="dbType != null" >
                #{dbType},
            </if>
            <if test="driverClass != null" >
                #{driverClass},
            </if>
            <if test="dbName != null" >
                #{dbName},
            </if>
            <if test="host != null" >
                #{host},
            </if>
            <if test="port != null" >
                #{port},
            </if>
            <if test="username != null" >
                #{username},
            </if>
            <if test="password != null" >
                #{password},
            </if>
            <if test="isDeleted != null" >
                #{isDeleted},
            </if>
            <if test="packageName != null" >
                #{packageName},
            </if>
            <if test="delPrefix != null" >
                #{delPrefix},
            </if>
            <if test="groupId != null" >
                #{groupId},
            </if>
        </trim>
    </insert>

    <!-- 更新,更新全部字段 -->
    <update id="update" parameterType="com.gitee.gen.entity.DatasourceConfig">
        UPDATE datasource_config
        <set>
            db_type=#{dbType},
            driver_class=#{driverClass},
            db_name=#{dbName},
            host=#{host},
            port=#{port},
            username=#{username},
            password=#{password},
            is_deleted=#{isDeleted},
            package_name=#{packageName},
            del_prefix=#{delPrefix},
            group_id=#{groupId},
        </set>
        WHERE id = #{id}
    </update>


    <!-- 更新不为NULL的字段 -->
    <update id="updateIgnoreNull" parameterType="com.gitee.gen.entity.DatasourceConfig">
        UPDATE datasource_config
        <set>
            <if test="dbType != null" >
                db_type=#{dbType},
            </if>
            <if test="driverClass != null" >
                driver_class=#{driverClass},
            </if>
            <if test="dbName != null" >
                db_name=#{dbName},
            </if>
            <if test="host != null" >
                host=#{host},
            </if>
            <if test="port != null" >
                port=#{port},
            </if>
            <if test="username != null" >
                username=#{username},
            </if>
            <if test="password != null" >
                password=#{password},
            </if>
            <if test="isDeleted != null" >
                is_deleted=#{isDeleted},
            </if>
            <if test="packageName != null" >
                package_name=#{packageName},
            </if>
            <if test="delPrefix != null" >
                del_prefix=#{delPrefix},
            </if>
            <if test="groupId != null" >
                group_id=#{groupId},
            </if>
        </set>
        WHERE id = #{id}
    </update>


    <!-- 根据主键删除记录 -->
    <delete id="delete" parameterType="com.gitee.gen.entity.DatasourceConfig">
		UPDATE datasource_config
		SET is_deleted=1
		WHERE id = #{id}
	</delete>


</mapper>